[
{
  "model": "books.author",
  "pk": 5,
  "fields": {
    "name": "Аркадий и Борис Стругацкие",
    "age": 36
  }
},
{
  "model": "books.author",
  "pk": 6,
  "fields": {
    "name": "Conan Doyle",
    "age": 36
  }
},
{
  "model": "books.author",
  "pk": 7,
  "fields": {
    "name": "Alexandre Dumas",
    "age": 44
  }
},
{
  "model": "books.author",
  "pk": 8,
  "fields": {
    "name": "Stephen Edwin King",
    "age": 75
  }
},
{
  "model": "books.author",
  "pk": 9,
  "fields": {
    "name": "Михаил Булгаков",
    "age": 56
  }
},
{
  "model": "books.author",
  "pk": 10,
  "fields": {
    "name": "James Fenimore Cooper",
    "age": 61
  }
},
{
  "model": "books.author",
  "pk": 11,
  "fields": {
    "name": "John Verdon",
    "age": 80
  }
},
{
  "model": "books.author",
  "pk": 12,
  "fields": {
    "name": "Joanne Rowling",
    "age": 57
  }
},
{
  "model": "books.author",
  "pk": 13,
  "fields": {
    "name": "Franz Kafka",
    "age": 40
  }
},
{
  "model": "books.author",
  "pk": 14,
  "fields": {
    "name": "Erich Maria Remarque",
    "age": 72
  }
},
{
  "model": "books.author",
  "pk": 15,
  "fields": {
    "name": "George Orwell",
    "age": 51
  }
},
{
  "model": "books.publisher",
  "pk": 3,
  "fields": {
    "name": "ACT"
  }
},
{
  "model": "books.publisher",
  "pk": 4,
  "fields": {
    "name": "ONICS"
  }
},
{
  "model": "books.publisher",
  "pk": 5,
  "fields": {
    "name": "Аверс"
  }
},
{
  "model": "books.publisher",
  "pk": 6,
  "fields": {
    "name": "Фолио"
  }
},
{
  "model": "books.book",
  "pk": 3,
  "fields": {
    "name": "Гарри Поттер и проклятое дитя",
    "pages": 328,
    "price": "5.20",
    "rating": 4.9,
    "publisher": 3,
    "pubdate": "2019-02-12",
    "authors": [
      12
    ]
  }
},
{
  "model": "books.book",
  "pk": 4,
  "fields": {
    "name": "Гарри Поттер и философский камень",
    "pages": 400,
    "price": "5.50",
    "rating": 5.0,
    "publisher": 3,
    "pubdate": "2012-10-09",
    "authors": [
      12
    ]
  }
},
{
  "model": "books.book",
  "pk": 5,
  "fields": {
    "name": "Загадай число",
    "pages": 321,
    "price": "4.60",
    "rating": 4.6,
    "publisher": 5,
    "pubdate": "2019-05-08",
    "authors": [
      11
    ]
  }
},
{
  "model": "books.book",
  "pk": 6,
  "fields": {
    "name": "Все приключения Шерлока Холмса",
    "pages": 1120,
    "price": "9.00",
    "rating": 5.0,
    "publisher": 4,
    "pubdate": "2018-08-24",
    "authors": [
      6
    ]
  }
},
{
  "model": "books.book",
  "pk": 7,
  "fields": {
    "name": "Последний из Могикан",
    "pages": 420,
    "price": "6.00",
    "rating": 4.3,
    "publisher": 6,
    "pubdate": "2020-08-14",
    "authors": [
      10
    ]
  }
},
{
  "model": "books.book",
  "pk": 8,
  "fields": {
    "name": "Процесс",
    "pages": 354,
    "price": "5.00",
    "rating": 4.2,
    "publisher": 3,
    "pubdate": "2020-08-12",
    "authors": [
      13
    ]
  }
},
{
  "model": "books.book",
  "pk": 9,
  "fields": {
    "name": "Превращение",
    "pages": 321,
    "price": "4.80",
    "rating": 4.2,
    "publisher": 6,
    "pubdate": "2019-08-30",
    "authors": [
      13
    ]
  }
},
{
  "model": "books.book",
  "pk": 10,
  "fields": {
    "name": "На западном фронте без перемен",
    "pages": 415,
    "price": "5.80",
    "rating": 4.7,
    "publisher": 5,
    "pubdate": "2020-03-16",
    "authors": [
      14
    ]
  }
},
{
  "model": "books.book",
  "pk": 11,
  "fields": {
    "name": "Трудно быть богом",
    "pages": 412,
    "price": "5.00",
    "rating": 4.4,
    "publisher": 5,
    "pubdate": "2020-09-12",
    "authors": [
      5
    ]
  }
},
{
  "model": "books.book",
  "pk": 12,
  "fields": {
    "name": "Пикник на обочине",
    "pages": 256,
    "price": "4.50",
    "rating": 4.0,
    "publisher": 6,
    "pubdate": "2012-10-27",
    "authors": [
      5
    ]
  }
},
{
  "model": "books.book",
  "pk": 13,
  "fields": {
    "name": "Понедельник начинается в субботу",
    "pages": 298,
    "price": "4.00",
    "rating": 4.0,
    "publisher": 3,
    "pubdate": "2019-09-18",
    "authors": [
      5
    ]
  }
},
{
  "model": "books.book",
  "pk": 14,
  "fields": {
    "name": "Сияние",
    "pages": 400,
    "price": "6.00",
    "rating": 5.0,
    "publisher": 6,
    "pubdate": "2018-09-12",
    "authors": [
      8
    ]
  }
},
{
  "model": "books.book",
  "pk": 15,
  "fields": {
    "name": "Кладбище домашниx животных",
    "pages": 267,
    "price": "4.00",
    "rating": 4.8,
    "publisher": 3,
    "pubdate": "2020-10-16",
    "authors": [
      8
    ]
  }
},
{
  "model": "books.book",
  "pk": 16,
  "fields": {
    "name": "Дорога из ада",
    "pages": 367,
    "price": "6.10",
    "rating": 5.0,
    "publisher": 4,
    "pubdate": "2016-10-18",
    "authors": [
      8
    ]
  }
},
{
  "model": "books.book",
  "pk": 17,
  "fields": {
    "name": "Зеленая миля",
    "pages": 468,
    "price": "6.00",
    "rating": 5.0,
    "publisher": 5,
    "pubdate": "2016-10-29",
    "authors": [
      8
    ]
  }
},
{
  "model": "books.book",
  "pk": 18,
  "fields": {
    "name": "Собачье сердце",
    "pages": 380,
    "price": "5.00",
    "rating": 4.8,
    "publisher": 3,
    "pubdate": "2020-09-19",
    "authors": [
      9
    ]
  }
},
{
  "model": "books.book",
  "pk": 19,
  "fields": {
    "name": "Мастер и Маргарита",
    "pages": 512,
    "price": "6.50",
    "rating": 5.0,
    "publisher": 5,
    "pubdate": "2019-06-09",
    "authors": [
      9
    ]
  }
},
{
  "model": "books.book",
  "pk": 20,
  "fields": {
    "name": "Оно",
    "pages": 1245,
    "price": "8.00",
    "rating": 4.9,
    "publisher": 6,
    "pubdate": "2016-09-15",
    "authors": [
      8
    ]
  }
},
{
  "model": "books.book",
  "pk": 21,
  "fields": {
    "name": "Граф Монте-Кристо",
    "pages": 1211,
    "price": "7.50",
    "rating": 5.0,
    "publisher": 3,
    "pubdate": "2020-02-15",
    "authors": [
      7
    ]
  }
},
{
  "model": "books.book",
  "pk": 22,
  "fields": {
    "name": "Ущелье Дьявола",
    "pages": 267,
    "price": "4.50",
    "rating": 4.3,
    "publisher": 4,
    "pubdate": "2018-08-24",
    "authors": [
      7
    ]
  }
},
{
  "model": "books.book",
  "pk": 23,
  "fields": {
    "name": "1984",
    "pages": 511,
    "price": "6.00",
    "rating": 5.0,
    "publisher": 4,
    "pubdate": "2012-10-03",
    "authors": [
      15
    ]
  }
},
{
  "model": "books.book",
  "pk": 24,
  "fields": {
    "name": "Ночь в Лиссабоне",
    "pages": 300,
    "price": "4.80",
    "rating": 4.6,
    "publisher": 3,
    "pubdate": "2019-02-12",
    "authors": [
      14
    ]
  }
},
{
  "model": "books.store",
  "pk": 1,
  "fields": {
    "name": "Книжковий світ",
    "books": [
      3,
      4,
      6,
      7,
      9,
      10,
      11,
      18,
      19,
      20,
      24
    ]
  }
},
{
  "model": "books.store",
  "pk": 2,
  "fields": {
    "name": "Буки",
    "books": [
      3,
      4,
      5,
      6,
      7,
      8,
      9,
      10,
      11,
      12,
      13,
      14,
      15,
      16,
      17,
      18
    ]
  }
},
{
  "model": "books.store",
  "pk": 3,
  "fields": {
    "name": "Книжковий рай",
    "books": [
      7,
      10,
      12,
      13,
      14,
      15,
      16,
      17,
      18,
      19,
      20,
      21,
      22,
      23
    ]
  }
},
{
  "model": "books.store",
  "pk": 4,
  "fields": {
    "name": "Книголенд",
    "books": [
      3,
      4,
      5,
      7,
      8,
      9,
      11,
      13,
      16,
      18,
      20,
      21,
      22,
      23,
      24
    ]
  }
},
{
  "model": "books.store",
  "pk": 5,
  "fields": {
    "name": "Є",
    "books": [
      5,
      6,
      7,
      8,
      9,
      10,
      11,
      12,
      13,
      14
    ]
  }
},
{
  "model": "auth.user",
  "pk": 1,
  "fields": {
    "password": "pbkdf2_sha256$390000$wqDzpM5VQio96KmnWM11HZ$MTCOOpG8LmugHc7tYSvOEJwshsrMaVyyK4FIayfI5Ug=",
    "last_login": "2022-11-07T11:21:23.055Z",
    "is_superuser": true,
    "username": "admin",
    "first_name": "",
    "last_name": "",
    "email": "yaroslav.boyko.2311@gmail.com",
    "is_staff": true,
    "is_active": true,
    "date_joined": "2022-11-07T11:20:38.486Z",
    "groups": [],
    "user_permissions": []
  }
}
]
